{"entities":{"pages":{"starter":{"id":"starter","title":"序","url":"starter.html","level":0,"tabIndex":0},"-dz2m54_3":{"id":"-dz2m54_3","title":"算法中的数学","level":0,"pages":["高精度运算","进制转换"],"tabIndex":1},"高精度运算":{"id":"高精度运算","title":"高精度运算","url":"高精度运算.html","level":1,"parentId":"-dz2m54_3","tabIndex":0},"进制转换":{"id":"进制转换","title":"进制转换","url":"进制转换.html","level":1,"parentId":"-dz2m54_3","tabIndex":1},"-dz2m54_4":{"id":"-dz2m54_4","title":"数据结构","level":0,"pages":["-dz2m54_11","String_README","-dz2m54_13","-dz2m54_14","-dz2m54_15","-dz2m54_16","-dz2m54_17","-dz2m54_18"],"tabIndex":2},"-dz2m54_11":{"id":"-dz2m54_11","title":"数组","level":1,"parentId":"-dz2m54_4","pages":["1-数组基础","2-二分查找"],"tabIndex":0},"1-数组基础":{"id":"1-数组基础","title":"1.数组基础","url":"1-数组基础.html","level":2,"parentId":"-dz2m54_11","tabIndex":0},"2-二分查找":{"id":"2-二分查找","title":"2.二分查找","url":"2-二分查找.html","level":2,"parentId":"-dz2m54_11","tabIndex":1},"String_README":{"id":"String_README","title":"字符串","url":"string-readme.html","level":1,"parentId":"-dz2m54_4","pages":["1.字符数组","2.字符串详解"],"tabIndex":1},"1.字符数组":{"id":"1.字符数组","title":"1.字符数组","url":"1-字符数组.html","level":2,"parentId":"String_README","tabIndex":0},"2.字符串详解":{"id":"2.字符串详解","title":"2.字符串详解","url":"2-字符串详解.html","level":2,"parentId":"String_README","tabIndex":1},"-dz2m54_13":{"id":"-dz2m54_13","title":"链表","level":1,"parentId":"-dz2m54_4","tabIndex":2},"-dz2m54_14":{"id":"-dz2m54_14","title":"图论","level":1,"parentId":"-dz2m54_4","pages":["图论的理论基础"],"tabIndex":3},"图论的理论基础":{"id":"图论的理论基础","title":"图论的理论基础","url":"图论的理论基础.html","level":2,"parentId":"-dz2m54_14","tabIndex":0},"-dz2m54_15":{"id":"-dz2m54_15","title":"哈希表","level":1,"parentId":"-dz2m54_4","tabIndex":4},"-dz2m54_16":{"id":"-dz2m54_16","title":"双指针法","level":1,"parentId":"-dz2m54_4","tabIndex":5},"-dz2m54_17":{"id":"-dz2m54_17","title":"栈与队列","level":1,"parentId":"-dz2m54_4","tabIndex":6},"-dz2m54_18":{"id":"-dz2m54_18","title":"二叉树","level":1,"parentId":"-dz2m54_4","tabIndex":7},"-dz2m54_5":{"id":"-dz2m54_5","title":"算法","level":0,"pages":["-dz2m54_24","-dz2m54_25","-dz2m54_26","-dz2m54_27","-dz2m54_28"],"tabIndex":3},"-dz2m54_24":{"id":"-dz2m54_24","title":"必备算法","level":1,"parentId":"-dz2m54_5","pages":["递归算法","递推算法"],"tabIndex":0},"递归算法":{"id":"递归算法","title":"递归算法","url":"递归算法.html","level":2,"parentId":"-dz2m54_24","tabIndex":0},"递推算法":{"id":"递推算法","title":"递推算法","url":"递推算法.html","level":2,"parentId":"-dz2m54_24","tabIndex":1},"-dz2m54_25":{"id":"-dz2m54_25","title":"回溯算法","level":1,"parentId":"-dz2m54_5","tabIndex":1},"-dz2m54_26":{"id":"-dz2m54_26","title":"图算法","level":1,"parentId":"-dz2m54_5","pages":["深度优先搜索-DFS"],"tabIndex":2},"深度优先搜索-DFS":{"id":"深度优先搜索-DFS","title":"深度优先搜索(DFS)","url":"深度优先搜索-dfs.html","level":2,"parentId":"-dz2m54_26","tabIndex":0},"-dz2m54_27":{"id":"-dz2m54_27","title":"贪心算法","level":1,"parentId":"-dz2m54_5","pages":["贪心算法"],"tabIndex":3},"贪心算法":{"id":"贪心算法","title":"贪心算法","url":"贪心算法.html","level":2,"parentId":"-dz2m54_27","tabIndex":0},"-dz2m54_28":{"id":"-dz2m54_28","title":"动态规划","level":1,"parentId":"-dz2m54_5","tabIndex":4},"-dz2m54_6":{"id":"-dz2m54_6","title":"每周作业","level":0,"pages":["2024-12-15"],"tabIndex":4},"2024-12-15":{"id":"2024-12-15","title":"2024_12_15","url":"2024-12-15.html","level":1,"parentId":"-dz2m54_6","tabIndex":0},"-dz2m54_7":{"id":"-dz2m54_7","title":"更新日志","level":0,"tabIndex":5},"updateLog":{"id":"updateLog","title":"updateLog","url":"updatelog.html","level":0,"tabIndex":6}}},"topLevelIds":["starter","-dz2m54_3","-dz2m54_4","-dz2m54_5","-dz2m54_6","-dz2m54_7","updateLog"]}