{"entities":{"pages":{"starter":{"id":"starter","title":"序","url":"starter.html","level":0,"tabIndex":0},"z6z4mg6_3":{"id":"z6z4mg6_3","title":"基础","level":0,"pages":["z6z4mg6_10"],"tabIndex":1},"z6z4mg6_10":{"id":"z6z4mg6_10","title":"Python","level":1,"parentId":"z6z4mg6_3","pages":["z6z4mg6_11"],"tabIndex":0},"z6z4mg6_11":{"id":"z6z4mg6_11","title":"序列","level":2,"parentId":"z6z4mg6_10","pages":["1-列表","2-元组","3-字典"],"tabIndex":0},"1-列表":{"id":"1-列表","title":"1.列表","url":"1-列表.html","level":3,"parentId":"z6z4mg6_11","tabIndex":0},"2-元组":{"id":"2-元组","title":"2.元组","url":"2-元组.html","level":3,"parentId":"z6z4mg6_11","tabIndex":1},"3-字典":{"id":"3-字典","title":"3.字典","url":"3-字典.html","level":3,"parentId":"z6z4mg6_11","tabIndex":2},"z6z4mg6_4":{"id":"z6z4mg6_4","title":"算法中的数学","level":0,"pages":["高精度运算","进制转换"],"tabIndex":2},"高精度运算":{"id":"高精度运算","title":"高精度运算","url":"高精度运算.html","level":1,"parentId":"z6z4mg6_4","tabIndex":0},"进制转换":{"id":"进制转换","title":"进制转换","url":"进制转换.html","level":1,"parentId":"z6z4mg6_4","tabIndex":1},"z6z4mg6_5":{"id":"z6z4mg6_5","title":"数据结构","level":0,"pages":["z6z4mg6_17","String_README","z6z4mg6_19","z6z4mg6_20","z6z4mg6_21","z6z4mg6_22","z6z4mg6_23","z6z4mg6_24"],"tabIndex":3},"z6z4mg6_17":{"id":"z6z4mg6_17","title":"数组","level":1,"parentId":"z6z4mg6_5","pages":["1-数组基础","2-二分查找"],"tabIndex":0},"1-数组基础":{"id":"1-数组基础","title":"1.数组基础","url":"1-数组基础.html","level":2,"parentId":"z6z4mg6_17","tabIndex":0},"2-二分查找":{"id":"2-二分查找","title":"2.二分查找","url":"2-二分查找.html","level":2,"parentId":"z6z4mg6_17","tabIndex":1},"String_README":{"id":"String_README","title":"字符串","url":"string-readme.html","level":1,"parentId":"z6z4mg6_5","pages":["1.字符数组","2.字符串详解"],"tabIndex":1},"1.字符数组":{"id":"1.字符数组","title":"1.字符数组","url":"1-字符数组.html","level":2,"parentId":"String_README","tabIndex":0},"2.字符串详解":{"id":"2.字符串详解","title":"2.字符串详解","url":"2-字符串详解.html","level":2,"parentId":"String_README","tabIndex":1},"z6z4mg6_19":{"id":"z6z4mg6_19","title":"链表","level":1,"parentId":"z6z4mg6_5","tabIndex":2},"z6z4mg6_20":{"id":"z6z4mg6_20","title":"图论","level":1,"parentId":"z6z4mg6_5","pages":["图论的理论基础"],"tabIndex":3},"图论的理论基础":{"id":"图论的理论基础","title":"图论的理论基础","url":"图论的理论基础.html","level":2,"parentId":"z6z4mg6_20","tabIndex":0},"z6z4mg6_21":{"id":"z6z4mg6_21","title":"哈希表","level":1,"parentId":"z6z4mg6_5","tabIndex":4},"z6z4mg6_22":{"id":"z6z4mg6_22","title":"双指针法","level":1,"parentId":"z6z4mg6_5","tabIndex":5},"z6z4mg6_23":{"id":"z6z4mg6_23","title":"栈与队列","level":1,"parentId":"z6z4mg6_5","tabIndex":6},"z6z4mg6_24":{"id":"z6z4mg6_24","title":"二叉树","level":1,"parentId":"z6z4mg6_5","tabIndex":7},"z6z4mg6_6":{"id":"z6z4mg6_6","title":"算法","level":0,"pages":["z6z4mg6_30","z6z4mg6_31","z6z4mg6_32","z6z4mg6_33","z6z4mg6_34"],"tabIndex":4},"z6z4mg6_30":{"id":"z6z4mg6_30","title":"必备算法","level":1,"parentId":"z6z4mg6_6","pages":["z6z4mg6_35","递归算法","递推算法"],"tabIndex":0},"z6z4mg6_35":{"id":"z6z4mg6_35","title":"排序算法","level":2,"parentId":"z6z4mg6_30","pages":["选择排序算法","冒泡算法"],"tabIndex":0},"选择排序算法":{"id":"选择排序算法","title":"选择排序算法","url":"选择排序算法.html","level":3,"parentId":"z6z4mg6_35","tabIndex":0},"冒泡算法":{"id":"冒泡算法","title":"冒泡算法","url":"冒泡算法.html","level":3,"parentId":"z6z4mg6_35","tabIndex":1},"递归算法":{"id":"递归算法","title":"递归算法","url":"递归算法.html","level":2,"parentId":"z6z4mg6_30","tabIndex":1},"递推算法":{"id":"递推算法","title":"递推算法","url":"递推算法.html","level":2,"parentId":"z6z4mg6_30","tabIndex":2},"z6z4mg6_31":{"id":"z6z4mg6_31","title":"回溯算法","level":1,"parentId":"z6z4mg6_6","tabIndex":1},"z6z4mg6_32":{"id":"z6z4mg6_32","title":"图算法","level":1,"parentId":"z6z4mg6_6","pages":["深度优先搜索-DFS"],"tabIndex":2},"深度优先搜索-DFS":{"id":"深度优先搜索-DFS","title":"深度优先搜索(DFS)","url":"深度优先搜索-dfs.html","level":2,"parentId":"z6z4mg6_32","tabIndex":0},"z6z4mg6_33":{"id":"z6z4mg6_33","title":"贪心算法","level":1,"parentId":"z6z4mg6_6","pages":["贪心算法"],"tabIndex":3},"贪心算法":{"id":"贪心算法","title":"贪心算法","url":"贪心算法.html","level":2,"parentId":"z6z4mg6_33","tabIndex":0},"z6z4mg6_34":{"id":"z6z4mg6_34","title":"动态规划","level":1,"parentId":"z6z4mg6_6","tabIndex":4},"z6z4mg6_7":{"id":"z6z4mg6_7","title":"每周作业","level":0,"pages":["z6z4mg6_42","z6z4mg6_43"],"tabIndex":5},"z6z4mg6_42":{"id":"z6z4mg6_42","title":"C++","level":1,"parentId":"z6z4mg6_7","pages":["2024-12-15","2024-12-29","2025-01-05"],"tabIndex":0},"2024-12-15":{"id":"2024-12-15","title":"2024_12_15","url":"2024-12-15.html","level":2,"parentId":"z6z4mg6_42","tabIndex":0},"2024-12-29":{"id":"2024-12-29","title":"2024_12_29","url":"2024-12-29.html","level":2,"parentId":"z6z4mg6_42","tabIndex":1},"2025-01-05":{"id":"2025-01-05","title":"2025_01_05","url":"2025-01-05.html","level":2,"parentId":"z6z4mg6_42","tabIndex":2},"z6z4mg6_43":{"id":"z6z4mg6_43","title":"python","level":1,"parentId":"z6z4mg6_7","pages":["2024-12-22_python","2024-12-29_python"],"tabIndex":1},"2024-12-22_python":{"id":"2024-12-22_python","title":"2024_12_22","url":"2024-12-22-python.html","level":2,"parentId":"z6z4mg6_43","tabIndex":0},"2024-12-29_python":{"id":"2024-12-29_python","title":"2024_12_29","url":"2024-12-29-python.html","level":2,"parentId":"z6z4mg6_43","tabIndex":1},"z6z4mg6_8":{"id":"z6z4mg6_8","title":"更新日志","level":0,"tabIndex":6},"updateLog":{"id":"updateLog","title":"updateLog","url":"updatelog.html","level":0,"tabIndex":7}}},"topLevelIds":["starter","z6z4mg6_3","z6z4mg6_4","z6z4mg6_5","z6z4mg6_6","z6z4mg6_7","z6z4mg6_8","updateLog"]}