{"entities":{"pages":{"starter":{"id":"starter","title":"序","url":"starter.html","level":0,"tabIndex":0},"-gr8o2q_3":{"id":"-gr8o2q_3","title":"算法中的数学","level":0,"pages":["高精度运算","进制转换"],"tabIndex":1},"高精度运算":{"id":"高精度运算","title":"高精度运算","url":"高精度运算.html","level":1,"parentId":"-gr8o2q_3","tabIndex":0},"进制转换":{"id":"进制转换","title":"进制转换","url":"进制转换.html","level":1,"parentId":"-gr8o2q_3","tabIndex":1},"-gr8o2q_4":{"id":"-gr8o2q_4","title":"数据结构","level":0,"pages":["String_README","-gr8o2q_12","-gr8o2q_13","-gr8o2q_14","-gr8o2q_15","-gr8o2q_16"],"tabIndex":2},"String_README":{"id":"String_README","title":"字符串","url":"string-readme.html","level":1,"parentId":"-gr8o2q_4","pages":["1.字符数组","2.字符串详解"],"tabIndex":0},"1.字符数组":{"id":"1.字符数组","title":"1.字符数组","url":"1-字符数组.html","level":2,"parentId":"String_README","tabIndex":0},"2.字符串详解":{"id":"2.字符串详解","title":"2.字符串详解","url":"2-字符串详解.html","level":2,"parentId":"String_README","tabIndex":1},"-gr8o2q_12":{"id":"-gr8o2q_12","title":"链表","level":1,"parentId":"-gr8o2q_4","tabIndex":1},"-gr8o2q_13":{"id":"-gr8o2q_13","title":"哈希表","level":1,"parentId":"-gr8o2q_4","tabIndex":2},"-gr8o2q_14":{"id":"-gr8o2q_14","title":"双指针法","level":1,"parentId":"-gr8o2q_4","tabIndex":3},"-gr8o2q_15":{"id":"-gr8o2q_15","title":"栈与队列","level":1,"parentId":"-gr8o2q_4","tabIndex":4},"-gr8o2q_16":{"id":"-gr8o2q_16","title":"二叉树","level":1,"parentId":"-gr8o2q_4","tabIndex":5},"-gr8o2q_5":{"id":"-gr8o2q_5","title":"算法","level":0,"pages":["-gr8o2q_19","-gr8o2q_20","-gr8o2q_21","-gr8o2q_22"],"tabIndex":3},"-gr8o2q_19":{"id":"-gr8o2q_19","title":"必备算法","level":1,"parentId":"-gr8o2q_5","tabIndex":0},"-gr8o2q_20":{"id":"-gr8o2q_20","title":"回溯算法","level":1,"parentId":"-gr8o2q_5","tabIndex":1},"-gr8o2q_21":{"id":"-gr8o2q_21","title":"贪心算法","level":1,"parentId":"-gr8o2q_5","tabIndex":2},"-gr8o2q_22":{"id":"-gr8o2q_22","title":"动态规划","level":1,"parentId":"-gr8o2q_5","tabIndex":3},"-gr8o2q_6":{"id":"-gr8o2q_6","title":"每周作业","level":0,"pages":["2024-12-15"],"tabIndex":4},"2024-12-15":{"id":"2024-12-15","title":"2024_12_15","url":"2024-12-15.html","level":1,"parentId":"-gr8o2q_6","tabIndex":0},"-gr8o2q_7":{"id":"-gr8o2q_7","title":"更新日志","level":0,"tabIndex":5},"updateLog":{"id":"updateLog","title":"updateLog","url":"updatelog.html","level":0,"tabIndex":6}}},"topLevelIds":["starter","-gr8o2q_3","-gr8o2q_4","-gr8o2q_5","-gr8o2q_6","-gr8o2q_7","updateLog"]}