{"entities":{"pages":{"starter":{"id":"starter","title":"序","url":"starter.html","level":0,"tabIndex":0},"xkc3e2_3":{"id":"xkc3e2_3","title":"基础","level":0,"pages":["xkc3e2_10","xkc3e2_11"],"tabIndex":1},"xkc3e2_10":{"id":"xkc3e2_10","title":"Python","level":1,"parentId":"xkc3e2_3","pages":["xkc3e2_12","函数"],"tabIndex":0},"xkc3e2_12":{"id":"xkc3e2_12","title":"序列","level":2,"parentId":"xkc3e2_10","pages":["1-列表","2-元组","3-字典","4-集合"],"tabIndex":0},"1-列表":{"id":"1-列表","title":"1.列表List","url":"1-列表.html","level":3,"parentId":"xkc3e2_12","tabIndex":0},"2-元组":{"id":"2-元组","title":"2.元组Tuple","url":"2-元组.html","level":3,"parentId":"xkc3e2_12","tabIndex":1},"3-字典":{"id":"3-字典","title":"3.字典Dictionary","url":"3-字典.html","level":3,"parentId":"xkc3e2_12","tabIndex":2},"4-集合":{"id":"4-集合","title":"4.集合Set","url":"4-集合.html","level":3,"parentId":"xkc3e2_12","tabIndex":3},"函数":{"id":"函数","title":"函数","url":"函数.html","level":2,"parentId":"xkc3e2_10","tabIndex":1},"xkc3e2_11":{"id":"xkc3e2_11","title":"C++","level":1,"parentId":"xkc3e2_3","pages":["指针","结构体"],"tabIndex":1},"指针":{"id":"指针","title":"指针","url":"指针.html","level":2,"parentId":"xkc3e2_11","tabIndex":0},"结构体":{"id":"结构体","title":"结构体","url":"结构体.html","level":2,"parentId":"xkc3e2_11","tabIndex":1},"xkc3e2_4":{"id":"xkc3e2_4","title":"算法中的数学","level":0,"pages":["高精度运算","进制转换"],"tabIndex":2},"高精度运算":{"id":"高精度运算","title":"高精度运算","url":"高精度运算.html","level":1,"parentId":"xkc3e2_4","tabIndex":0},"进制转换":{"id":"进制转换","title":"进制转换","url":"进制转换.html","level":1,"parentId":"xkc3e2_4","tabIndex":1},"xkc3e2_5":{"id":"xkc3e2_5","title":"数据结构","level":0,"pages":["xkc3e2_22","String_README","xkc3e2_24","xkc3e2_25","xkc3e2_26","xkc3e2_27","xkc3e2_28","xkc3e2_29"],"tabIndex":3},"xkc3e2_22":{"id":"xkc3e2_22","title":"数组","level":1,"parentId":"xkc3e2_5","pages":["1-数组基础","2-二分查找"],"tabIndex":0},"1-数组基础":{"id":"1-数组基础","title":"1.数组基础","url":"1-数组基础.html","level":2,"parentId":"xkc3e2_22","tabIndex":0},"2-二分查找":{"id":"2-二分查找","title":"2.二分查找","url":"2-二分查找.html","level":2,"parentId":"xkc3e2_22","tabIndex":1},"String_README":{"id":"String_README","title":"字符串","url":"string-readme.html","level":1,"parentId":"xkc3e2_5","pages":["1.字符数组","2.字符串详解"],"tabIndex":1},"1.字符数组":{"id":"1.字符数组","title":"1.字符数组","url":"1-字符数组.html","level":2,"parentId":"String_README","tabIndex":0},"2.字符串详解":{"id":"2.字符串详解","title":"2.字符串详解","url":"2-字符串详解.html","level":2,"parentId":"String_README","tabIndex":1},"xkc3e2_24":{"id":"xkc3e2_24","title":"链表","level":1,"parentId":"xkc3e2_5","tabIndex":2},"xkc3e2_25":{"id":"xkc3e2_25","title":"图论","level":1,"parentId":"xkc3e2_5","pages":["图论的理论基础"],"tabIndex":3},"图论的理论基础":{"id":"图论的理论基础","title":"图论的理论基础","url":"图论的理论基础.html","level":2,"parentId":"xkc3e2_25","tabIndex":0},"xkc3e2_26":{"id":"xkc3e2_26","title":"哈希表","level":1,"parentId":"xkc3e2_5","tabIndex":4},"xkc3e2_27":{"id":"xkc3e2_27","title":"双指针法","level":1,"parentId":"xkc3e2_5","tabIndex":5},"xkc3e2_28":{"id":"xkc3e2_28","title":"栈与队列","level":1,"parentId":"xkc3e2_5","tabIndex":6},"xkc3e2_29":{"id":"xkc3e2_29","title":"二叉树","level":1,"parentId":"xkc3e2_5","tabIndex":7},"xkc3e2_6":{"id":"xkc3e2_6","title":"算法","level":0,"pages":["xkc3e2_35","xkc3e2_36","xkc3e2_37","xkc3e2_38","xkc3e2_39"],"tabIndex":4},"xkc3e2_35":{"id":"xkc3e2_35","title":"必备算法","level":1,"parentId":"xkc3e2_6","pages":["xkc3e2_40","递归算法","递推算法"],"tabIndex":0},"xkc3e2_40":{"id":"xkc3e2_40","title":"排序算法","level":2,"parentId":"xkc3e2_35","pages":["选择排序算法","冒泡算法"],"tabIndex":0},"选择排序算法":{"id":"选择排序算法","title":"选择排序算法","url":"选择排序算法.html","level":3,"parentId":"xkc3e2_40","tabIndex":0},"冒泡算法":{"id":"冒泡算法","title":"冒泡算法","url":"冒泡算法.html","level":3,"parentId":"xkc3e2_40","tabIndex":1},"递归算法":{"id":"递归算法","title":"递归算法","url":"递归算法.html","level":2,"parentId":"xkc3e2_35","tabIndex":1},"递推算法":{"id":"递推算法","title":"递推算法","url":"递推算法.html","level":2,"parentId":"xkc3e2_35","tabIndex":2},"xkc3e2_36":{"id":"xkc3e2_36","title":"回溯算法","level":1,"parentId":"xkc3e2_6","tabIndex":1},"xkc3e2_37":{"id":"xkc3e2_37","title":"图算法","level":1,"parentId":"xkc3e2_6","pages":["深度优先搜索-DFS"],"tabIndex":2},"深度优先搜索-DFS":{"id":"深度优先搜索-DFS","title":"深度优先搜索(DFS)","url":"深度优先搜索-dfs.html","level":2,"parentId":"xkc3e2_37","tabIndex":0},"xkc3e2_38":{"id":"xkc3e2_38","title":"贪心算法","level":1,"parentId":"xkc3e2_6","pages":["贪心算法"],"tabIndex":3},"贪心算法":{"id":"贪心算法","title":"贪心算法","url":"贪心算法.html","level":2,"parentId":"xkc3e2_38","tabIndex":0},"xkc3e2_39":{"id":"xkc3e2_39","title":"动态规划","level":1,"parentId":"xkc3e2_6","tabIndex":4},"xkc3e2_7":{"id":"xkc3e2_7","title":"每周作业","level":0,"pages":["xkc3e2_47","xkc3e2_48"],"tabIndex":5},"xkc3e2_47":{"id":"xkc3e2_47","title":"C++","level":1,"parentId":"xkc3e2_7","pages":["2024_12_15_CPP","2024_12_29_CPP","2025_01_05_CPP"],"tabIndex":0},"2024_12_15_CPP":{"id":"2024_12_15_CPP","title":"2024_12_15_CPP","url":"2024-12-15-cpp.html","level":2,"parentId":"xkc3e2_47","tabIndex":0},"2024_12_29_CPP":{"id":"2024_12_29_CPP","title":"2024_12_29_CPP","url":"2024-12-29-cpp.html","level":2,"parentId":"xkc3e2_47","tabIndex":1},"2025_01_05_CPP":{"id":"2025_01_05_CPP","title":"2025_01_05_CPP","url":"2025-01-05-cpp.html","level":2,"parentId":"xkc3e2_47","tabIndex":2},"xkc3e2_48":{"id":"xkc3e2_48","title":"python","level":1,"parentId":"xkc3e2_7","pages":["2024_12_22_python","2024_12_29_python"],"tabIndex":1},"2024_12_22_python":{"id":"2024_12_22_python","title":"2024_12_22_python","url":"2024-12-22-python.html","level":2,"parentId":"xkc3e2_48","tabIndex":0},"2024_12_29_python":{"id":"2024_12_29_python","title":"2024_12_29_python","url":"2024-12-29-python.html","level":2,"parentId":"xkc3e2_48","tabIndex":1},"xkc3e2_8":{"id":"xkc3e2_8","title":"更新日志","level":0,"tabIndex":6},"updateLog":{"id":"updateLog","title":"updateLog","url":"updatelog.html","level":0,"tabIndex":7}}},"topLevelIds":["starter","xkc3e2_3","xkc3e2_4","xkc3e2_5","xkc3e2_6","xkc3e2_7","xkc3e2_8","updateLog"]}