{"entities":{"pages":{"starter":{"id":"starter","title":"序","url":"starter.html","level":0,"tabIndex":0},"-hexoza_3":{"id":"-hexoza_3","title":"数据结构","level":0,"pages":["String_README","-hexoza_8","-hexoza_9","-hexoza_10","-hexoza_11","-hexoza_12"],"tabIndex":1},"String_README":{"id":"String_README","title":"字符串","url":"string-readme.html","level":1,"parentId":"-hexoza_3","pages":["1.字符数组","2.字符串详解"],"tabIndex":0},"1.字符数组":{"id":"1.字符数组","title":"1.字符数组","url":"1-字符数组.html","level":2,"parentId":"String_README","tabIndex":0},"2.字符串详解":{"id":"2.字符串详解","title":"2.字符串详解","url":"2-字符串详解.html","level":2,"parentId":"String_README","tabIndex":1},"-hexoza_8":{"id":"-hexoza_8","title":"链表","level":1,"parentId":"-hexoza_3","tabIndex":1},"-hexoza_9":{"id":"-hexoza_9","title":"哈希表","level":1,"parentId":"-hexoza_3","tabIndex":2},"-hexoza_10":{"id":"-hexoza_10","title":"双指针法","level":1,"parentId":"-hexoza_3","tabIndex":3},"-hexoza_11":{"id":"-hexoza_11","title":"栈与队列","level":1,"parentId":"-hexoza_3","tabIndex":4},"-hexoza_12":{"id":"-hexoza_12","title":"二叉树","level":1,"parentId":"-hexoza_3","tabIndex":5},"-hexoza_4":{"id":"-hexoza_4","title":"算法","level":0,"pages":["-hexoza_15","-hexoza_16","-hexoza_17","-hexoza_18"],"tabIndex":2},"-hexoza_15":{"id":"-hexoza_15","title":"必备算法","level":1,"parentId":"-hexoza_4","tabIndex":0},"-hexoza_16":{"id":"-hexoza_16","title":"回溯算法","level":1,"parentId":"-hexoza_4","tabIndex":1},"-hexoza_17":{"id":"-hexoza_17","title":"贪心算法","level":1,"parentId":"-hexoza_4","tabIndex":2},"-hexoza_18":{"id":"-hexoza_18","title":"动态规划","level":1,"parentId":"-hexoza_4","tabIndex":3},"-hexoza_5":{"id":"-hexoza_5","title":"每周作业","level":0,"pages":["2024-12-15"],"tabIndex":3},"2024-12-15":{"id":"2024-12-15","title":"2024_12_15","url":"2024-12-15.html","level":1,"parentId":"-hexoza_5","tabIndex":0},"-hexoza_6":{"id":"-hexoza_6","title":"更新日志","level":0,"tabIndex":4}}},"topLevelIds":["starter","-hexoza_3","-hexoza_4","-hexoza_5","-hexoza_6"]}