{"entities":{"pages":{"starter":{"id":"starter","title":"序","url":"starter.html","level":0,"tabIndex":0},"-bm17xd_3":{"id":"-bm17xd_3","title":"算法中的数学","level":0,"pages":["高精度运算","进制转换"],"tabIndex":1},"高精度运算":{"id":"高精度运算","title":"高精度运算","url":"高精度运算.html","level":1,"parentId":"-bm17xd_3","tabIndex":0},"进制转换":{"id":"进制转换","title":"进制转换","url":"进制转换.html","level":1,"parentId":"-bm17xd_3","tabIndex":1},"-bm17xd_4":{"id":"-bm17xd_4","title":"数据结构","level":0,"pages":["-bm17xd_11","String_README","-bm17xd_13","-bm17xd_14","-bm17xd_15","-bm17xd_16","-bm17xd_17","-bm17xd_18"],"tabIndex":2},"-bm17xd_11":{"id":"-bm17xd_11","title":"数组","level":1,"parentId":"-bm17xd_4","pages":["1-数组基础","2-二分查找"],"tabIndex":0},"1-数组基础":{"id":"1-数组基础","title":"1.数组基础","url":"1-数组基础.html","level":2,"parentId":"-bm17xd_11","tabIndex":0},"2-二分查找":{"id":"2-二分查找","title":"2.二分查找","url":"2-二分查找.html","level":2,"parentId":"-bm17xd_11","tabIndex":1},"String_README":{"id":"String_README","title":"字符串","url":"string-readme.html","level":1,"parentId":"-bm17xd_4","pages":["1.字符数组","2.字符串详解"],"tabIndex":1},"1.字符数组":{"id":"1.字符数组","title":"1.字符数组","url":"1-字符数组.html","level":2,"parentId":"String_README","tabIndex":0},"2.字符串详解":{"id":"2.字符串详解","title":"2.字符串详解","url":"2-字符串详解.html","level":2,"parentId":"String_README","tabIndex":1},"-bm17xd_13":{"id":"-bm17xd_13","title":"链表","level":1,"parentId":"-bm17xd_4","tabIndex":2},"-bm17xd_14":{"id":"-bm17xd_14","title":"图论","level":1,"parentId":"-bm17xd_4","pages":["图论的理论基础"],"tabIndex":3},"图论的理论基础":{"id":"图论的理论基础","title":"图论的理论基础","url":"图论的理论基础.html","level":2,"parentId":"-bm17xd_14","tabIndex":0},"-bm17xd_15":{"id":"-bm17xd_15","title":"哈希表","level":1,"parentId":"-bm17xd_4","tabIndex":4},"-bm17xd_16":{"id":"-bm17xd_16","title":"双指针法","level":1,"parentId":"-bm17xd_4","tabIndex":5},"-bm17xd_17":{"id":"-bm17xd_17","title":"栈与队列","level":1,"parentId":"-bm17xd_4","tabIndex":6},"-bm17xd_18":{"id":"-bm17xd_18","title":"二叉树","level":1,"parentId":"-bm17xd_4","tabIndex":7},"-bm17xd_5":{"id":"-bm17xd_5","title":"算法","level":0,"pages":["-bm17xd_24","-bm17xd_25","-bm17xd_26","-bm17xd_27","-bm17xd_28"],"tabIndex":3},"-bm17xd_24":{"id":"-bm17xd_24","title":"必备算法","level":1,"parentId":"-bm17xd_5","pages":["-bm17xd_29","递归算法","递推算法"],"tabIndex":0},"-bm17xd_29":{"id":"-bm17xd_29","title":"排序算法","level":2,"parentId":"-bm17xd_24","pages":["选择排序算法","冒泡算法"],"tabIndex":0},"选择排序算法":{"id":"选择排序算法","title":"选择排序算法","url":"选择排序算法.html","level":3,"parentId":"-bm17xd_29","tabIndex":0},"冒泡算法":{"id":"冒泡算法","title":"冒泡算法","url":"冒泡算法.html","level":3,"parentId":"-bm17xd_29","tabIndex":1},"递归算法":{"id":"递归算法","title":"递归算法","url":"递归算法.html","level":2,"parentId":"-bm17xd_24","tabIndex":1},"递推算法":{"id":"递推算法","title":"递推算法","url":"递推算法.html","level":2,"parentId":"-bm17xd_24","tabIndex":2},"-bm17xd_25":{"id":"-bm17xd_25","title":"回溯算法","level":1,"parentId":"-bm17xd_5","tabIndex":1},"-bm17xd_26":{"id":"-bm17xd_26","title":"图算法","level":1,"parentId":"-bm17xd_5","pages":["深度优先搜索-DFS"],"tabIndex":2},"深度优先搜索-DFS":{"id":"深度优先搜索-DFS","title":"深度优先搜索(DFS)","url":"深度优先搜索-dfs.html","level":2,"parentId":"-bm17xd_26","tabIndex":0},"-bm17xd_27":{"id":"-bm17xd_27","title":"贪心算法","level":1,"parentId":"-bm17xd_5","pages":["贪心算法"],"tabIndex":3},"贪心算法":{"id":"贪心算法","title":"贪心算法","url":"贪心算法.html","level":2,"parentId":"-bm17xd_27","tabIndex":0},"-bm17xd_28":{"id":"-bm17xd_28","title":"动态规划","level":1,"parentId":"-bm17xd_5","tabIndex":4},"-bm17xd_6":{"id":"-bm17xd_6","title":"每周作业","level":0,"pages":["-bm17xd_36","-bm17xd_37"],"tabIndex":4},"-bm17xd_36":{"id":"-bm17xd_36","title":"C++","level":1,"parentId":"-bm17xd_6","pages":["2024-12-15","2024-12-29"],"tabIndex":0},"2024-12-15":{"id":"2024-12-15","title":"2024_12_15","url":"2024-12-15.html","level":2,"parentId":"-bm17xd_36","tabIndex":0},"2024-12-29":{"id":"2024-12-29","title":"2024_12_29","url":"2024-12-29.html","level":2,"parentId":"-bm17xd_36","tabIndex":1},"-bm17xd_37":{"id":"-bm17xd_37","title":"python","level":1,"parentId":"-bm17xd_6","pages":["2024-12-22_python","2024-12-29_python"],"tabIndex":1},"2024-12-22_python":{"id":"2024-12-22_python","title":"2024_12_22","url":"2024-12-22-python.html","level":2,"parentId":"-bm17xd_37","tabIndex":0},"2024-12-29_python":{"id":"2024-12-29_python","title":"2024_12_29","url":"2024-12-29-python.html","level":2,"parentId":"-bm17xd_37","tabIndex":1},"-bm17xd_7":{"id":"-bm17xd_7","title":"更新日志","level":0,"tabIndex":5},"updateLog":{"id":"updateLog","title":"updateLog","url":"updatelog.html","level":0,"tabIndex":6}}},"topLevelIds":["starter","-bm17xd_3","-bm17xd_4","-bm17xd_5","-bm17xd_6","-bm17xd_7","updateLog"]}