{"entities":{"pages":{"starter":{"id":"starter","title":"序","url":"starter.html","level":0,"tabIndex":0},"myt017_3":{"id":"myt017_3","title":"数据结构","level":0,"pages":["myt017_7","myt017_8","myt017_9","myt017_10","myt017_11","myt017_12","myt017_13"],"tabIndex":1},"myt017_7":{"id":"myt017_7","title":"数组","level":1,"parentId":"myt017_3","tabIndex":0},"myt017_8":{"id":"myt017_8","title":"字符串","level":1,"parentId":"myt017_3","tabIndex":1},"myt017_9":{"id":"myt017_9","title":"链表","level":1,"parentId":"myt017_3","tabIndex":2},"myt017_10":{"id":"myt017_10","title":"哈希表","level":1,"parentId":"myt017_3","tabIndex":3},"myt017_11":{"id":"myt017_11","title":"双指针法","level":1,"parentId":"myt017_3","tabIndex":4},"myt017_12":{"id":"myt017_12","title":"栈与队列","level":1,"parentId":"myt017_3","tabIndex":5},"myt017_13":{"id":"myt017_13","title":"二叉树","level":1,"parentId":"myt017_3","tabIndex":6},"myt017_4":{"id":"myt017_4","title":"算法","level":0,"pages":["myt017_14","myt017_15","myt017_16","myt017_17"],"tabIndex":2},"myt017_14":{"id":"myt017_14","title":"必备算法","level":1,"parentId":"myt017_4","tabIndex":0},"myt017_15":{"id":"myt017_15","title":"回溯算法","level":1,"parentId":"myt017_4","tabIndex":1},"myt017_16":{"id":"myt017_16","title":"贪心算法","level":1,"parentId":"myt017_4","tabIndex":2},"myt017_17":{"id":"myt017_17","title":"动态规划","level":1,"parentId":"myt017_4","tabIndex":3},"myt017_5":{"id":"myt017_5","title":"每周作业","level":0,"pages":["myt017_18"],"tabIndex":3},"myt017_18":{"id":"myt017_18","title":"2024_12_15","level":1,"parentId":"myt017_5","tabIndex":0},"myt017_6":{"id":"myt017_6","title":"更新日志","level":0,"tabIndex":4}}},"topLevelIds":["starter","myt017_3","myt017_4","myt017_5","myt017_6"]}