{"entities":{"pages":{"starter":{"id":"starter","title":"序","url":"starter.html","level":0,"tabIndex":0},"z51b2y7_3":{"id":"z51b2y7_3","title":"数据结构","level":0,"pages":["String_README","z51b2y7_8","z51b2y7_9","z51b2y7_10","z51b2y7_11","z51b2y7_12"],"tabIndex":1},"String_README":{"id":"String_README","title":"字符串","url":"string-readme.html","level":1,"parentId":"z51b2y7_3","pages":["1.字符数组","2.字符串详解"],"tabIndex":0},"1.字符数组":{"id":"1.字符数组","title":"1.字符数组","url":"1-字符数组.html","level":2,"parentId":"String_README","tabIndex":0},"2.字符串详解":{"id":"2.字符串详解","title":"2.字符串详解","url":"2-字符串详解.html","level":2,"parentId":"String_README","tabIndex":1},"z51b2y7_8":{"id":"z51b2y7_8","title":"链表","level":1,"parentId":"z51b2y7_3","tabIndex":1},"z51b2y7_9":{"id":"z51b2y7_9","title":"哈希表","level":1,"parentId":"z51b2y7_3","tabIndex":2},"z51b2y7_10":{"id":"z51b2y7_10","title":"双指针法","level":1,"parentId":"z51b2y7_3","tabIndex":3},"z51b2y7_11":{"id":"z51b2y7_11","title":"栈与队列","level":1,"parentId":"z51b2y7_3","tabIndex":4},"z51b2y7_12":{"id":"z51b2y7_12","title":"二叉树","level":1,"parentId":"z51b2y7_3","tabIndex":5},"z51b2y7_4":{"id":"z51b2y7_4","title":"算法","level":0,"pages":["z51b2y7_15","z51b2y7_16","z51b2y7_17","z51b2y7_18"],"tabIndex":2},"z51b2y7_15":{"id":"z51b2y7_15","title":"必备算法","level":1,"parentId":"z51b2y7_4","tabIndex":0},"z51b2y7_16":{"id":"z51b2y7_16","title":"回溯算法","level":1,"parentId":"z51b2y7_4","tabIndex":1},"z51b2y7_17":{"id":"z51b2y7_17","title":"贪心算法","level":1,"parentId":"z51b2y7_4","tabIndex":2},"z51b2y7_18":{"id":"z51b2y7_18","title":"动态规划","level":1,"parentId":"z51b2y7_4","tabIndex":3},"z51b2y7_5":{"id":"z51b2y7_5","title":"每周作业","level":0,"pages":["2024-12-15"],"tabIndex":3},"2024-12-15":{"id":"2024-12-15","title":"2024_12_15","url":"2024-12-15.html","level":1,"parentId":"z51b2y7_5","tabIndex":0},"z51b2y7_6":{"id":"z51b2y7_6","title":"更新日志","level":0,"tabIndex":4}}},"topLevelIds":["starter","z51b2y7_3","z51b2y7_4","z51b2y7_5","z51b2y7_6"]}