{"entities":{"pages":{"starter":{"id":"starter","title":"序","url":"starter.html","level":0,"tabIndex":0},"-oxiek0_3":{"id":"-oxiek0_3","title":"基础","level":0,"pages":["-oxiek0_10","-oxiek0_11"],"tabIndex":1},"-oxiek0_10":{"id":"-oxiek0_10","title":"Python","level":1,"parentId":"-oxiek0_3","pages":["-oxiek0_12","函数"],"tabIndex":0},"-oxiek0_12":{"id":"-oxiek0_12","title":"序列","level":2,"parentId":"-oxiek0_10","pages":["1-列表","2-元组","3-字典","4-集合"],"tabIndex":0},"1-列表":{"id":"1-列表","title":"1.列表List","url":"1-列表.html","level":3,"parentId":"-oxiek0_12","tabIndex":0},"2-元组":{"id":"2-元组","title":"2.元组Tuple","url":"2-元组.html","level":3,"parentId":"-oxiek0_12","tabIndex":1},"3-字典":{"id":"3-字典","title":"3.字典Dictionary","url":"3-字典.html","level":3,"parentId":"-oxiek0_12","tabIndex":2},"4-集合":{"id":"4-集合","title":"4.集合Set","url":"4-集合.html","level":3,"parentId":"-oxiek0_12","tabIndex":3},"函数":{"id":"函数","title":"函数","url":"函数.html","level":2,"parentId":"-oxiek0_10","tabIndex":1},"-oxiek0_11":{"id":"-oxiek0_11","title":"C++","level":1,"parentId":"-oxiek0_3","pages":["运算符","指针","结构体","-oxiek0_21"],"tabIndex":1},"运算符":{"id":"运算符","title":"运算符","url":"运算符.html","level":2,"parentId":"-oxiek0_11","tabIndex":0},"指针":{"id":"指针","title":"指针","url":"指针.html","level":2,"parentId":"-oxiek0_11","tabIndex":1},"结构体":{"id":"结构体","title":"结构体","url":"结构体.html","level":2,"parentId":"-oxiek0_11","tabIndex":2},"-oxiek0_21":{"id":"-oxiek0_21","title":"STL","level":2,"parentId":"-oxiek0_11","pages":["STL","-oxiek0_23"],"tabIndex":3},"STL":{"id":"STL","title":"STL","url":"stl.html","level":3,"parentId":"-oxiek0_21","tabIndex":0},"-oxiek0_23":{"id":"-oxiek0_23","title":"容器","level":3,"parentId":"-oxiek0_21","pages":["Vector-向量"],"tabIndex":1},"Vector-向量":{"id":"Vector-向量","title":"Vector(向量)","url":"vector-向量.html","level":4,"parentId":"-oxiek0_23","tabIndex":0},"-oxiek0_4":{"id":"-oxiek0_4","title":"算法中的数学","level":0,"pages":["高精度运算","进制转换"],"tabIndex":2},"高精度运算":{"id":"高精度运算","title":"高精度运算","url":"高精度运算.html","level":1,"parentId":"-oxiek0_4","tabIndex":0},"进制转换":{"id":"进制转换","title":"进制转换","url":"进制转换.html","level":1,"parentId":"-oxiek0_4","tabIndex":1},"-oxiek0_5":{"id":"-oxiek0_5","title":"数据结构","level":0,"pages":["-oxiek0_27","String_README","-oxiek0_29","-oxiek0_30","-oxiek0_31","-oxiek0_32","-oxiek0_33","-oxiek0_34"],"tabIndex":3},"-oxiek0_27":{"id":"-oxiek0_27","title":"数组","level":1,"parentId":"-oxiek0_5","pages":["1-数组基础","2-二分查找"],"tabIndex":0},"1-数组基础":{"id":"1-数组基础","title":"1.数组基础","url":"1-数组基础.html","level":2,"parentId":"-oxiek0_27","tabIndex":0},"2-二分查找":{"id":"2-二分查找","title":"2.二分查找","url":"2-二分查找.html","level":2,"parentId":"-oxiek0_27","tabIndex":1},"String_README":{"id":"String_README","title":"字符串","url":"string-readme.html","level":1,"parentId":"-oxiek0_5","pages":["1.字符数组","2.字符串详解"],"tabIndex":1},"1.字符数组":{"id":"1.字符数组","title":"1.字符数组","url":"1-字符数组.html","level":2,"parentId":"String_README","tabIndex":0},"2.字符串详解":{"id":"2.字符串详解","title":"2.字符串详解","url":"2-字符串详解.html","level":2,"parentId":"String_README","tabIndex":1},"-oxiek0_29":{"id":"-oxiek0_29","title":"链表","level":1,"parentId":"-oxiek0_5","tabIndex":2},"-oxiek0_30":{"id":"-oxiek0_30","title":"图论","level":1,"parentId":"-oxiek0_5","pages":["图论的理论基础"],"tabIndex":3},"图论的理论基础":{"id":"图论的理论基础","title":"图论的理论基础","url":"图论的理论基础.html","level":2,"parentId":"-oxiek0_30","tabIndex":0},"-oxiek0_31":{"id":"-oxiek0_31","title":"哈希表","level":1,"parentId":"-oxiek0_5","tabIndex":4},"-oxiek0_32":{"id":"-oxiek0_32","title":"双指针法","level":1,"parentId":"-oxiek0_5","tabIndex":5},"-oxiek0_33":{"id":"-oxiek0_33","title":"栈与队列","level":1,"parentId":"-oxiek0_5","tabIndex":6},"-oxiek0_34":{"id":"-oxiek0_34","title":"二叉树","level":1,"parentId":"-oxiek0_5","tabIndex":7},"-oxiek0_6":{"id":"-oxiek0_6","title":"算法","level":0,"pages":["-oxiek0_40","-oxiek0_41","-oxiek0_42","-oxiek0_43","-oxiek0_44"],"tabIndex":4},"-oxiek0_40":{"id":"-oxiek0_40","title":"必备算法","level":1,"parentId":"-oxiek0_6","pages":["-oxiek0_45","递归算法","递推算法"],"tabIndex":0},"-oxiek0_45":{"id":"-oxiek0_45","title":"排序算法","level":2,"parentId":"-oxiek0_40","pages":["选择排序算法","冒泡算法"],"tabIndex":0},"选择排序算法":{"id":"选择排序算法","title":"选择排序算法","url":"选择排序算法.html","level":3,"parentId":"-oxiek0_45","tabIndex":0},"冒泡算法":{"id":"冒泡算法","title":"冒泡算法","url":"冒泡算法.html","level":3,"parentId":"-oxiek0_45","tabIndex":1},"递归算法":{"id":"递归算法","title":"递归算法","url":"递归算法.html","level":2,"parentId":"-oxiek0_40","tabIndex":1},"递推算法":{"id":"递推算法","title":"递推算法","url":"递推算法.html","level":2,"parentId":"-oxiek0_40","tabIndex":2},"-oxiek0_41":{"id":"-oxiek0_41","title":"回溯算法","level":1,"parentId":"-oxiek0_6","tabIndex":1},"-oxiek0_42":{"id":"-oxiek0_42","title":"图算法","level":1,"parentId":"-oxiek0_6","pages":["深度优先搜索-DFS"],"tabIndex":2},"深度优先搜索-DFS":{"id":"深度优先搜索-DFS","title":"深度优先搜索(DFS)","url":"深度优先搜索-dfs.html","level":2,"parentId":"-oxiek0_42","tabIndex":0},"-oxiek0_43":{"id":"-oxiek0_43","title":"贪心算法","level":1,"parentId":"-oxiek0_6","pages":["贪心算法"],"tabIndex":3},"贪心算法":{"id":"贪心算法","title":"贪心算法","url":"贪心算法.html","level":2,"parentId":"-oxiek0_43","tabIndex":0},"-oxiek0_44":{"id":"-oxiek0_44","title":"动态规划","level":1,"parentId":"-oxiek0_6","tabIndex":4},"-oxiek0_7":{"id":"-oxiek0_7","title":"每周作业","level":0,"pages":["-oxiek0_52","-oxiek0_53"],"tabIndex":5},"-oxiek0_52":{"id":"-oxiek0_52","title":"C++","level":1,"parentId":"-oxiek0_7","pages":["2024_12_15_CPP","2024_12_29_CPP","2025_01_05_CPP"],"tabIndex":0},"2024_12_15_CPP":{"id":"2024_12_15_CPP","title":"2024_12_15_CPP","url":"2024-12-15-cpp.html","level":2,"parentId":"-oxiek0_52","tabIndex":0},"2024_12_29_CPP":{"id":"2024_12_29_CPP","title":"2024_12_29_CPP","url":"2024-12-29-cpp.html","level":2,"parentId":"-oxiek0_52","tabIndex":1},"2025_01_05_CPP":{"id":"2025_01_05_CPP","title":"2025_01_05_CPP","url":"2025-01-05-cpp.html","level":2,"parentId":"-oxiek0_52","tabIndex":2},"-oxiek0_53":{"id":"-oxiek0_53","title":"python","level":1,"parentId":"-oxiek0_7","pages":["2024_12_22_python","2024_12_29_python"],"tabIndex":1},"2024_12_22_python":{"id":"2024_12_22_python","title":"2024_12_22_python","url":"2024-12-22-python.html","level":2,"parentId":"-oxiek0_53","tabIndex":0},"2024_12_29_python":{"id":"2024_12_29_python","title":"2024_12_29_python","url":"2024-12-29-python.html","level":2,"parentId":"-oxiek0_53","tabIndex":1},"-oxiek0_8":{"id":"-oxiek0_8","title":"更新日志","level":0,"tabIndex":6},"updateLog":{"id":"updateLog","title":"updateLog","url":"updatelog.html","level":0,"tabIndex":7}}},"topLevelIds":["starter","-oxiek0_3","-oxiek0_4","-oxiek0_5","-oxiek0_6","-oxiek0_7","-oxiek0_8","updateLog"]}