{"entities":{"pages":{"starter":{"id":"starter","title":"序","url":"starter.html","level":0,"tabIndex":0},"sfc09r_3":{"id":"sfc09r_3","title":"数据结构","level":0,"pages":["String_README","sfc09r_8","sfc09r_9","sfc09r_10","sfc09r_11","sfc09r_12"],"tabIndex":1},"String_README":{"id":"String_README","title":"字符串","url":"string-readme.html","level":1,"parentId":"sfc09r_3","pages":["1.字符数组","2.字符串详解"],"tabIndex":0},"1.字符数组":{"id":"1.字符数组","title":"1.字符数组","url":"1-字符数组.html","level":2,"parentId":"String_README","tabIndex":0},"2.字符串详解":{"id":"2.字符串详解","title":"2.字符串详解","url":"2-字符串详解.html","level":2,"parentId":"String_README","tabIndex":1},"sfc09r_8":{"id":"sfc09r_8","title":"链表","level":1,"parentId":"sfc09r_3","tabIndex":1},"sfc09r_9":{"id":"sfc09r_9","title":"哈希表","level":1,"parentId":"sfc09r_3","tabIndex":2},"sfc09r_10":{"id":"sfc09r_10","title":"双指针法","level":1,"parentId":"sfc09r_3","tabIndex":3},"sfc09r_11":{"id":"sfc09r_11","title":"栈与队列","level":1,"parentId":"sfc09r_3","tabIndex":4},"sfc09r_12":{"id":"sfc09r_12","title":"二叉树","level":1,"parentId":"sfc09r_3","tabIndex":5},"sfc09r_4":{"id":"sfc09r_4","title":"算法","level":0,"pages":["sfc09r_15","sfc09r_16","sfc09r_17","sfc09r_18"],"tabIndex":2},"sfc09r_15":{"id":"sfc09r_15","title":"必备算法","level":1,"parentId":"sfc09r_4","tabIndex":0},"sfc09r_16":{"id":"sfc09r_16","title":"回溯算法","level":1,"parentId":"sfc09r_4","tabIndex":1},"sfc09r_17":{"id":"sfc09r_17","title":"贪心算法","level":1,"parentId":"sfc09r_4","tabIndex":2},"sfc09r_18":{"id":"sfc09r_18","title":"动态规划","level":1,"parentId":"sfc09r_4","tabIndex":3},"sfc09r_5":{"id":"sfc09r_5","title":"每周作业","level":0,"pages":["sfc09r_19"],"tabIndex":3},"sfc09r_19":{"id":"sfc09r_19","title":"2024_12_15","level":1,"parentId":"sfc09r_5","tabIndex":0},"sfc09r_6":{"id":"sfc09r_6","title":"更新日志","level":0,"tabIndex":4}}},"topLevelIds":["starter","sfc09r_3","sfc09r_4","sfc09r_5","sfc09r_6"]}