{"entities":{"pages":{"starter":{"id":"starter","title":"序","url":"starter.html","level":0,"tabIndex":0},"z1vi53n_3":{"id":"z1vi53n_3","title":"基础","level":0,"pages":["z1vi53n_10"],"tabIndex":1},"z1vi53n_10":{"id":"z1vi53n_10","title":"Python","level":1,"parentId":"z1vi53n_3","pages":["z1vi53n_11"],"tabIndex":0},"z1vi53n_11":{"id":"z1vi53n_11","title":"序列","level":2,"parentId":"z1vi53n_10","pages":["1-列表","2-元组"],"tabIndex":0},"1-列表":{"id":"1-列表","title":"1.列表","url":"1-列表.html","level":3,"parentId":"z1vi53n_11","tabIndex":0},"2-元组":{"id":"2-元组","title":"2.元组","url":"2-元组.html","level":3,"parentId":"z1vi53n_11","tabIndex":1},"z1vi53n_4":{"id":"z1vi53n_4","title":"算法中的数学","level":0,"pages":["高精度运算","进制转换"],"tabIndex":2},"高精度运算":{"id":"高精度运算","title":"高精度运算","url":"高精度运算.html","level":1,"parentId":"z1vi53n_4","tabIndex":0},"进制转换":{"id":"进制转换","title":"进制转换","url":"进制转换.html","level":1,"parentId":"z1vi53n_4","tabIndex":1},"z1vi53n_5":{"id":"z1vi53n_5","title":"数据结构","level":0,"pages":["z1vi53n_16","String_README","z1vi53n_18","z1vi53n_19","z1vi53n_20","z1vi53n_21","z1vi53n_22","z1vi53n_23"],"tabIndex":3},"z1vi53n_16":{"id":"z1vi53n_16","title":"数组","level":1,"parentId":"z1vi53n_5","pages":["1-数组基础","2-二分查找"],"tabIndex":0},"1-数组基础":{"id":"1-数组基础","title":"1.数组基础","url":"1-数组基础.html","level":2,"parentId":"z1vi53n_16","tabIndex":0},"2-二分查找":{"id":"2-二分查找","title":"2.二分查找","url":"2-二分查找.html","level":2,"parentId":"z1vi53n_16","tabIndex":1},"String_README":{"id":"String_README","title":"字符串","url":"string-readme.html","level":1,"parentId":"z1vi53n_5","pages":["1.字符数组","2.字符串详解"],"tabIndex":1},"1.字符数组":{"id":"1.字符数组","title":"1.字符数组","url":"1-字符数组.html","level":2,"parentId":"String_README","tabIndex":0},"2.字符串详解":{"id":"2.字符串详解","title":"2.字符串详解","url":"2-字符串详解.html","level":2,"parentId":"String_README","tabIndex":1},"z1vi53n_18":{"id":"z1vi53n_18","title":"链表","level":1,"parentId":"z1vi53n_5","tabIndex":2},"z1vi53n_19":{"id":"z1vi53n_19","title":"图论","level":1,"parentId":"z1vi53n_5","pages":["图论的理论基础"],"tabIndex":3},"图论的理论基础":{"id":"图论的理论基础","title":"图论的理论基础","url":"图论的理论基础.html","level":2,"parentId":"z1vi53n_19","tabIndex":0},"z1vi53n_20":{"id":"z1vi53n_20","title":"哈希表","level":1,"parentId":"z1vi53n_5","tabIndex":4},"z1vi53n_21":{"id":"z1vi53n_21","title":"双指针法","level":1,"parentId":"z1vi53n_5","tabIndex":5},"z1vi53n_22":{"id":"z1vi53n_22","title":"栈与队列","level":1,"parentId":"z1vi53n_5","tabIndex":6},"z1vi53n_23":{"id":"z1vi53n_23","title":"二叉树","level":1,"parentId":"z1vi53n_5","tabIndex":7},"z1vi53n_6":{"id":"z1vi53n_6","title":"算法","level":0,"pages":["z1vi53n_29","z1vi53n_30","z1vi53n_31","z1vi53n_32","z1vi53n_33"],"tabIndex":4},"z1vi53n_29":{"id":"z1vi53n_29","title":"必备算法","level":1,"parentId":"z1vi53n_6","pages":["z1vi53n_34","递归算法","递推算法"],"tabIndex":0},"z1vi53n_34":{"id":"z1vi53n_34","title":"排序算法","level":2,"parentId":"z1vi53n_29","pages":["选择排序算法","冒泡算法"],"tabIndex":0},"选择排序算法":{"id":"选择排序算法","title":"选择排序算法","url":"选择排序算法.html","level":3,"parentId":"z1vi53n_34","tabIndex":0},"冒泡算法":{"id":"冒泡算法","title":"冒泡算法","url":"冒泡算法.html","level":3,"parentId":"z1vi53n_34","tabIndex":1},"递归算法":{"id":"递归算法","title":"递归算法","url":"递归算法.html","level":2,"parentId":"z1vi53n_29","tabIndex":1},"递推算法":{"id":"递推算法","title":"递推算法","url":"递推算法.html","level":2,"parentId":"z1vi53n_29","tabIndex":2},"z1vi53n_30":{"id":"z1vi53n_30","title":"回溯算法","level":1,"parentId":"z1vi53n_6","tabIndex":1},"z1vi53n_31":{"id":"z1vi53n_31","title":"图算法","level":1,"parentId":"z1vi53n_6","pages":["深度优先搜索-DFS"],"tabIndex":2},"深度优先搜索-DFS":{"id":"深度优先搜索-DFS","title":"深度优先搜索(DFS)","url":"深度优先搜索-dfs.html","level":2,"parentId":"z1vi53n_31","tabIndex":0},"z1vi53n_32":{"id":"z1vi53n_32","title":"贪心算法","level":1,"parentId":"z1vi53n_6","pages":["贪心算法"],"tabIndex":3},"贪心算法":{"id":"贪心算法","title":"贪心算法","url":"贪心算法.html","level":2,"parentId":"z1vi53n_32","tabIndex":0},"z1vi53n_33":{"id":"z1vi53n_33","title":"动态规划","level":1,"parentId":"z1vi53n_6","tabIndex":4},"z1vi53n_7":{"id":"z1vi53n_7","title":"每周作业","level":0,"pages":["z1vi53n_41","z1vi53n_42"],"tabIndex":5},"z1vi53n_41":{"id":"z1vi53n_41","title":"C++","level":1,"parentId":"z1vi53n_7","pages":["2024-12-15","2024-12-29"],"tabIndex":0},"2024-12-15":{"id":"2024-12-15","title":"2024_12_15","url":"2024-12-15.html","level":2,"parentId":"z1vi53n_41","tabIndex":0},"2024-12-29":{"id":"2024-12-29","title":"2024_12_29","url":"2024-12-29.html","level":2,"parentId":"z1vi53n_41","tabIndex":1},"z1vi53n_42":{"id":"z1vi53n_42","title":"python","level":1,"parentId":"z1vi53n_7","pages":["2024-12-22_python","2024-12-29_python"],"tabIndex":1},"2024-12-22_python":{"id":"2024-12-22_python","title":"2024_12_22","url":"2024-12-22-python.html","level":2,"parentId":"z1vi53n_42","tabIndex":0},"2024-12-29_python":{"id":"2024-12-29_python","title":"2024_12_29","url":"2024-12-29-python.html","level":2,"parentId":"z1vi53n_42","tabIndex":1},"z1vi53n_8":{"id":"z1vi53n_8","title":"更新日志","level":0,"tabIndex":6},"updateLog":{"id":"updateLog","title":"updateLog","url":"updatelog.html","level":0,"tabIndex":7}}},"topLevelIds":["starter","z1vi53n_3","z1vi53n_4","z1vi53n_5","z1vi53n_6","z1vi53n_7","z1vi53n_8","updateLog"]}