{"entities":{"pages":{"starter":{"id":"starter","title":"序","url":"starter.html","level":0,"tabIndex":0},"-q2i1mb_3":{"id":"-q2i1mb_3","title":"算法中的数学","level":0,"pages":["高精度运算","进制转换"],"tabIndex":1},"高精度运算":{"id":"高精度运算","title":"高精度运算","url":"高精度运算.html","level":1,"parentId":"-q2i1mb_3","tabIndex":0},"进制转换":{"id":"进制转换","title":"进制转换","url":"进制转换.html","level":1,"parentId":"-q2i1mb_3","tabIndex":1},"-q2i1mb_4":{"id":"-q2i1mb_4","title":"数据结构","level":0,"pages":["-q2i1mb_11","String_README","-q2i1mb_13","-q2i1mb_14","-q2i1mb_15","-q2i1mb_16","-q2i1mb_17"],"tabIndex":2},"-q2i1mb_11":{"id":"-q2i1mb_11","title":"数组","level":1,"parentId":"-q2i1mb_4","pages":["1-数组基础","2-二分查找"],"tabIndex":0},"1-数组基础":{"id":"1-数组基础","title":"1.数组基础","url":"1-数组基础.html","level":2,"parentId":"-q2i1mb_11","tabIndex":0},"2-二分查找":{"id":"2-二分查找","title":"2.二分查找","url":"2-二分查找.html","level":2,"parentId":"-q2i1mb_11","tabIndex":1},"String_README":{"id":"String_README","title":"字符串","url":"string-readme.html","level":1,"parentId":"-q2i1mb_4","pages":["1.字符数组","2.字符串详解"],"tabIndex":1},"1.字符数组":{"id":"1.字符数组","title":"1.字符数组","url":"1-字符数组.html","level":2,"parentId":"String_README","tabIndex":0},"2.字符串详解":{"id":"2.字符串详解","title":"2.字符串详解","url":"2-字符串详解.html","level":2,"parentId":"String_README","tabIndex":1},"-q2i1mb_13":{"id":"-q2i1mb_13","title":"链表","level":1,"parentId":"-q2i1mb_4","tabIndex":2},"-q2i1mb_14":{"id":"-q2i1mb_14","title":"哈希表","level":1,"parentId":"-q2i1mb_4","tabIndex":3},"-q2i1mb_15":{"id":"-q2i1mb_15","title":"双指针法","level":1,"parentId":"-q2i1mb_4","tabIndex":4},"-q2i1mb_16":{"id":"-q2i1mb_16","title":"栈与队列","level":1,"parentId":"-q2i1mb_4","tabIndex":5},"-q2i1mb_17":{"id":"-q2i1mb_17","title":"二叉树","level":1,"parentId":"-q2i1mb_4","tabIndex":6},"-q2i1mb_5":{"id":"-q2i1mb_5","title":"算法","level":0,"pages":["-q2i1mb_22","-q2i1mb_23","-q2i1mb_24","-q2i1mb_25"],"tabIndex":3},"-q2i1mb_22":{"id":"-q2i1mb_22","title":"必备算法","level":1,"parentId":"-q2i1mb_5","pages":["递推算法"],"tabIndex":0},"递推算法":{"id":"递推算法","title":"递推算法","url":"递推算法.html","level":2,"parentId":"-q2i1mb_22","tabIndex":0},"-q2i1mb_23":{"id":"-q2i1mb_23","title":"回溯算法","level":1,"parentId":"-q2i1mb_5","tabIndex":1},"-q2i1mb_24":{"id":"-q2i1mb_24","title":"贪心算法","level":1,"parentId":"-q2i1mb_5","pages":["贪心算法"],"tabIndex":2},"贪心算法":{"id":"贪心算法","title":"贪心算法","url":"贪心算法.html","level":2,"parentId":"-q2i1mb_24","tabIndex":0},"-q2i1mb_25":{"id":"-q2i1mb_25","title":"动态规划","level":1,"parentId":"-q2i1mb_5","tabIndex":3},"-q2i1mb_6":{"id":"-q2i1mb_6","title":"每周作业","level":0,"pages":["2024-12-15"],"tabIndex":4},"2024-12-15":{"id":"2024-12-15","title":"2024_12_15","url":"2024-12-15.html","level":1,"parentId":"-q2i1mb_6","tabIndex":0},"-q2i1mb_7":{"id":"-q2i1mb_7","title":"更新日志","level":0,"tabIndex":5},"updateLog":{"id":"updateLog","title":"updateLog","url":"updatelog.html","level":0,"tabIndex":6}}},"topLevelIds":["starter","-q2i1mb_3","-q2i1mb_4","-q2i1mb_5","-q2i1mb_6","-q2i1mb_7","updateLog"]}