{"title":"算法训练营","subtitle":"行百里者半九十.","tips":[{"title":"时间","description":"25年一月底实现能自行刷middle题","url":"","type":"start"},{"title":"知识点","description":"掌握数组、链表、哈希表、字符串、双指针法、栈与队列","url":"","type":"library"}],"main":{"title":"工具","data":[{"title":"工具掌握","description":"Dev-CPP","url":"","type":"development"},{"title":"习惯","description":"每周任务每周毕，下周检查；增加代码可读性","url":"","type":"top"}]},"highlighted":{"title":"学习之外","data":[{"title":"错题实时记录且每周回顾","description":"记录","url":"","type":"check-list"}]},"groups":[],"prevNextLinks":{"nextPageUrl":"高精度运算.html","nextPageTitle":"高精度运算"}}